{
  "project_info": {
    "project_number": "491587384189",
    "project_id": "readerqr-cad22",
    "storage_bucket": "readerqr-cad22.firebasestorage.app"
  },
  "client": [
    {
      "client_info": {
        "mobilesdk_app_id": "1:491587384189:android:449fd1b0cdd75cafb75214",
        "android_client_info": {
          "package_name": "com.example.appdeprueba"
        }
      },
      "oauth_client": [
        {
          "client_id": "491587384189-mq2267qq8uall6s894tvgij5g3recgcr.apps.googleusercontent.com",
          "client_type": 1,
          "android_info": {
            "package_name": "com.example.appdeprueba",
            "certificate_hash": "38de54ed227f945f9fffc1ed27cb262376dd480d"
          }
        },
        {
          "client_id": "491587384189-merdhllsll4il66o5jb6frhovmvq2c3f.apps.googleusercontent.com",
          "client_type": 3
        }
      ],
      "api_key": [
        {
          "current_key": "AIzaSyD5VnsU9vY5Pftuauu2F-FjZwlBQ9Iu5Tc"
        }
      ],
      "services": {
        "appinvite_service": {
          "other_platform_oauth_client": [
            {
              "client_id": "491587384189-merdhllsll4il66o5jb6frhovmvq2c3f.apps.googleusercontent.com",
              "client_type": 3
            }
          ]
        }
      }
    }
  ],
  "configuration_version": "1"
}