{
  "project_info": {
    "project_number": "491587384189",
    "project_id": "readerqr-cad22",
    "storage_bucket": "readerqr-cad22.firebasestorage.app"
  },
  "client": [
    {
      "client_info": {
        "mobilesdk_app_id": "1:491587384189:android:449fd1b0cdd75cafb75214",
        "android_client_info": {
          "package_name": "com.example.appdeprueba"
        }
      },
      "oauth_client": [],
      "api_key": [
        {
          "current_key": "AIzaSyD5VnsU9vY5Pftuauu2F-FjZwlBQ9Iu5Tc"
        }
      ],
      "services": {
        "appinvite_service": {
          "other_platform_oauth_client": []
        }
      }
    }
  ],
  "configuration_version": "1"
}